	HF	MCF7	MDA-MB-438
4.04108	0.15851455772631654	0.0955699651308265	0.745915477142857
