	HF	MCF7	MDA-MB-438
4.04108	0.204520083442924	0.1645134804677196	0.6309664360893563
