	HF	MCF7	MDA-MB-438
4.04108	0.16942557752911622	0.09707440174133357	0.7335000207295503
