	HF	MCF7	MDA-MB-438
4.04108	0.09416243615811154	0.014291190970159434	0.891546372871729
