	HF	MCF7	MDA-MB-438
4.04108	0.0968123193518299	0.0143900002177977	0.8887976804303725
