	HF	MCF7	MDA-MB-438
4.04108	0.12446673367504847	0.0711758682310856	0.804357398093866
