	HF	MCF7	MDA-MB-438
4.04108	0.14405614570331543	0.06390043849349464	0.7920434158031898
