	HF	MCF7	MDA-MB-438
4.04108	0.08765558476659856	0.023520013107509133	0.8888244021258923
