	HF	MCF7	MDA-MB-438
4.04108	0.07385967740010957	0.020489983402952886	0.9056503391969377
