	HF	MCF7	MDA-MB-438
4.04108	0.1268686404087112	0.08041987153877636	0.7927114880525123
