	HF	MCF7	MDA-MB-438
4.04108	0.13883059833501094	0.07412212408022435	0.7870472775847647
