	HF	MCF7	MDA-MB-438
4.04108	0.14732737726027065	0.0736896427566418	0.7789829799830875
