	HF	MCF7	MDA-MB-438
4.04108	0.0779920871287005	0.016904618972910616	0.905103293898389
