	HF	MCF7	MDA-MB-438
4.04108	0.11747692255237607	0.06423567056261784	0.818287406885006
