	HF	MCF7	MDA-MB-438
4.04108	0.07749354843798624	0.02018843514147109	0.9023180164205427
