	HF	MCF7	MDA-MB-438
4.04108	0.07121920629813616	0.28386307183715515	0.6449177218647085
