	HF	MCF7	MDA-MB-438
4.04108	0.08889635128134547	0.29312946333297113	0.6179741853856834
