	HF	MCF7	MDA-MB-438
4.04108	0.08584291225807195	0.30145589367816267	0.6127011940637652
