	HF	MCF7	MDA-MB-438
4.04108	0.10975257776336929	0.29801133324804624	0.5922360889885844
