	HF	MCF7	MDA-MB-438
4.04108	0.1175339314255069	0.31831041936586923	0.5641556492086238
