	HF	MCF7	MDA-MB-438
4.04108	0.10709044701038557	0.016457298392045128	0.8764522545975693
