	HF	MCF7	MDA-MB-438
4.04108	0.1811907432898009	0.1071264409611876	0.7116828157490114
