	HF	MCF7	MDA-MB-438
4.04108	0.1603598072370103	0.13093951143210342	0.7087006813308863
