	HF	MCF7	MDA-MB-438
4.04108	0.1666406863546813	0.11200276798423574	0.721356545661083
