	HF	MCF7	MDA-MB-438
4.04108	0.10964867550716363	0.01825721493387721	0.872094109558959
